{
    "metaInfo": {
        "dataIndex": "config",
        "collectionName": "configObjects",
        "responseObjectName": "response"
    },
    "configObjects": [
        {
            "id": "plugin_plugin-things-i-can-do-base_uiConfig",
            "name": "plugin_plugin-things-i-can-do",
            "version": "1.0",
            "type": "uiConfig",
            "properties": {
                "createdByService": "system",
                "createdBy": "system"
            },
            "data": {
                "contexts": [
                    {
                        "context": {
                            "component": "plugin-things-i-can-do",
                            "sysApp": "_DEFAULT",
                            "sysDomain": "_DEFAULT",
                            "sysEntityType": "_DEFAULT",
                            "sysRelationship": "_DEFAULT",
                            "sysRole": "_DEFAULT"                           
                        },
                        "jsonData": {
                            "config": {
                                "properties": {
                                    "customEntityType": "item",
                                    "showUploadExcel":true,
                                    "showUploadAsset":true,
                                    "showCreateEntity":false,
                                    "showThingModelLink":false,
                                    "showTaxonomyModelLink":false,
                                    "showReferenceModelLink":false,
                                    "showDigitalModelLink":false,
                                    "showWorkflowModelLink":false,
                                    "showGovernanceModelLink":false,
                                    "showContextModelLink":false,
                                    "showAuthModelLink":false,
                                    "showManageMapping":false
                                }
                            }
                        }
                    }
                ]
            }
        }
    ]

}