{
    "metaInfo": {
        "dataIndex": "config",
        "collectionName": "configObjects",
        "responseObjectName": "response"
    },
    "configObjects": [
        {
            "id": "plugin_plugin-my-catalog-base_uiConfig",
            "name": "plugin_plugin-my-catalog",
            "version": "1.0",
            "type": "uiConfig",
            "properties": {
                "createdByService": "system",
                "createdBy": "system"
            },
            "data": {
                "contexts": [
                    {
                        "context": {
                            "component": "plugin-my-catalog",
                            "sysApp": "_DEFAULT",
                            "sysDomain": "_DEFAULT",
                            "sysEntityType": "_DEFAULT",
                            "sysRelationship": "_DEFAULT",
                            "sysRole": "_DEFAULT"
                        },
                        "jsonData": {
                            "config": {
                                "properties": {
                                    "taxonomyAttrShortname":"thgmastertaxonomy",
                                    "_rootNode":"productclassificationroot",
                                    "piechart3": {
                                        "visible": false,
                                        "attributeshortname": "",
                                        "entityTypeshortname": ""
                                    },
                                    "wfchart1": {
                                        "visible": true,
                                        "label": "Pending Submission",
                                        "workflowshortname": "collaboration",
                                        "workflowstepshortname": "tobesubmitted",
                                        "entityTypeshortname": "stagingitem"
                                    },
                                    "wfchart2": {
                                        "visible": true,
                                        "label": "Pending Approval",
                                        "workflowshortname": "collaboration",
                                        "workflowstepshortname": "tobeapproved",
                                        "entityTypeshortname": "stagingitem"
                                    },
                                    "wfchart3": {
                                        "visible": true,
                                        "label": "Pending Review",
                                        "workflowshortname": "collaboration",
                                        "workflowstepshortname": "tobereviewed",
                                        "entityTypeshortname": "stagingitem"
                                    },
                                    "wfchart4": {
                                        "visible": false,
                                        "label": "",
                                        "workflowshortname": "",
                                        "workflowstepshortname": "",
                                        "entityTypeshortname": ""
                                    },
                                    "createdchart": {
                                        "visible": true,
                                        "label": "Created",
                                        "entityTypeshortname": "stagingitem",
                                        "attributeshortname": "thgdatecreated"
                                    },
                                    "modifiedchart": {
                                        "visible": true,
                                        "label": "Modified",
                                        "entityTypeshortname": "stagingitem",
                                        "attributeshortname": "thgdatemodified"
                                    },
                                    "discontinuedchart": {
                                        "visible": true,
                                        "label": "Discontinued",
                                        "entityTypeshortname": "stagingitem",
                                        "attributeshortname": "thgstatus",
                                        "attributevalue": "Discontinue"
                                    },
                                    "publishedchart": {
                                        "visible": true,
                                        "label": "Published",
                                        "entityTypeshortname": "stagingitem",
                                        "attributeshortname": "thgstatus",
                                        "attributevalue": "Published"
                                    },
                                    "referenceFilter": {
                                        "visible": true,
                                        "label": "Brand",
                                        "referenceAttrShortname":"thgbrand",
                                           "referenceEntityShortname":"brand"
                                    }
                                }
                            }
                        }
                    }
                ]
            }
        }
    ]
}