{
    "metaInfo": {
        "dataIndex": "config",
        "collectionName": "configObjects",
        "responseObjectName": "response"
    },
    "configObjects": [
        {
            "id": "plugin_plugin-quality-score-card-base_uiConfig",
            "name": "plugin_plugin-quality-score-card",
            "version": "1.0",
            "type": "uiConfig",
            "properties": {
                "createdByService": "system",
                "createdBy": "system"
            },
            "data": {
                "contexts": [
                    {
                        "context": {
                            "component": "plugin-quality-score-card",
                            "sysApp": "_DEFAULT",
                            "sysDomain": "_DEFAULT",
                            "sysEntityType": "_DEFAULT",
                            "sysRelationship": "_DEFAULT",
                            "sysRole": "_DEFAULT"                           
                        },
                        "jsonData": {
                            "config": {
                                "properties": {
                                    "entityTypes": ["parentitem","item","stagingitem"],                                
                                    "taxonomyAttrShortname":"thgmastertaxonomy",                                  
                                    "_rootNode":"productclassificationroot",
                                    "scoreLabel":"Score",
                                    "missingImagesBlock":{
                                        "visible":true,
                                        "relshortname": "hasimages",
                                        "label": "Missing Images"
                                    },
                                    "invalidValueBlock":{
                                        "visible":true,                                       
                                        "label": "Invalid Value"
                                    },
                                    "missingRequiredBlock":{
                                        "visible":true,
                                        "label": "Missing Required"
                                    },
                                    "dynamicRelationship":{
                                        "visible":false,
                                        "relshortname": "ischildof",
                                        "label": "Missing Parent"
                                    },
                                    "rejectedItems":{
                                       "visible": true,
                                        "wfShortname":"collaboration",
                                        "wfStepShortname": "tobereviewed",
                                        "entityTypeShortname":"stagingitem"
                                    },
                                    "referenceFilter": {
                                        "visible": true,
                                        "label": "Brand",
                                        "referenceAttrShortname": "thgbrand",
                                        "referenceEntityShortname": "brand"
                                    }
                                }
                            }
                        }
                    }
                ]
            }
        }
    ]

}